year,cancerType,stat,value
1999,Brain and Other Nervous System,deaths,12765
1999,Breast,deaths,41528
1999,Cervix Uteri,deaths,4204
1999,Colon and Rectum,deaths,57222
1999,Corpus Uteri,deaths,3121
1999,Esophagus,deaths,11917
1999,Gallbladder,deaths,2059
1999,Kidney and Renal Pelvis,deaths,11116
1999,Larynx,deaths,3815
1999,Leukemias,deaths,21071
1999,Liver,deaths,9830
1999,Lung and Bronchus,deaths,152061
1999,Melanoma of the Skin,deaths,7215
1999,Myeloma,deaths,10508
1999,Non-Hodgkin Lymphoma,deaths,22802
1999,Oral Cavity and Pharynx,deaths,7486
1999,Ovary,deaths,13627
1999,Pancreas,deaths,27594
1999,Prostate,deaths,31728
1999,Stomach,deaths,12711
1999,Thyroid,deaths,1241
1999,Urinary Bladder,deaths,11910
1999,Brain and Other Nervous System,cases,17359
1999,Breast,cases,185254
1999,Cervix Uteri,cases,12782
1999,Colon and Rectum,cases,140888
1999,Corpus Uteri,cases,31982
1999,Esophagus,cases,12532
1999,Gallbladder,cases,3066
1999,Kidney and Renal Pelvis,cases,30669
1999,Larynx,cases,11511
1999,Leukemias,cases,32265
1999,Liver,cases,10381
1999,Lung and Bronchus,cases,176551
1999,Melanoma of the Skin,cases,38290
1999,Myeloma,cases,13989
1999,Non-Hodgkin Lymphoma,cases,48483
1999,Oral Cavity and Pharynx,cases,27087
1999,Ovary,cases,19588
1999,Pancreas,cases,29081
1999,Prostate,cases,184722
1999,Stomach,cases,19092
1999,Thyroid,cases,17179
1999,Urinary Bladder,cases,55174
1999,Brain and Other Nervous System,mortalityRate,0.74
1999,Breast,mortalityRate,0.22
1999,Cervix Uteri,mortalityRate,0.33
1999,Colon and Rectum,mortalityRate,0.41
1999,Corpus Uteri,mortalityRate,0.098
1999,Esophagus,mortalityRate,0.95
1999,Gallbladder,mortalityRate,0.67
1999,Kidney and Renal Pelvis,mortalityRate,0.36
1999,Larynx,mortalityRate,0.33
1999,Leukemias,mortalityRate,0.65
1999,Liver,mortalityRate,0.95
1999,Lung and Bronchus,mortalityRate,0.86
1999,Melanoma of the Skin,mortalityRate,0.19
1999,Myeloma,mortalityRate,0.75
1999,Non-Hodgkin Lymphoma,mortalityRate,0.47
1999,Oral Cavity and Pharynx,mortalityRate,0.28
1999,Ovary,mortalityRate,0.7
1999,Pancreas,mortalityRate,0.95
1999,Prostate,mortalityRate,0.17
1999,Stomach,mortalityRate,0.67
1999,Thyroid,mortalityRate,0.072
1999,Urinary Bladder,mortalityRate,0.22
1999,Brain and Other Nervous System,deathsPerMillion, 46
1999,Breast,deathsPerMillion,149
1999,Cervix Uteri,deathsPerMillion, 15
1999,Colon and Rectum,deathsPerMillion,205
1999,Corpus Uteri,deathsPerMillion, 11
1999,Esophagus,deathsPerMillion, 43
1999,Gallbladder,deathsPerMillion,7.4
1999,Kidney and Renal Pelvis,deathsPerMillion, 40
1999,Larynx,deathsPerMillion, 14
1999,Leukemias,deathsPerMillion, 76
1999,Liver,deathsPerMillion, 35
1999,Lung and Bronchus,deathsPerMillion,545
1999,Melanoma of the Skin,deathsPerMillion, 26
1999,Myeloma,deathsPerMillion, 38
1999,Non-Hodgkin Lymphoma,deathsPerMillion, 82
1999,Oral Cavity and Pharynx,deathsPerMillion, 27
1999,Ovary,deathsPerMillion, 49
1999,Pancreas,deathsPerMillion, 99
1999,Prostate,deathsPerMillion,114
1999,Stomach,deathsPerMillion, 46
1999,Thyroid,deathsPerMillion,4.4
1999,Urinary Bladder,deathsPerMillion, 43
2000,Brain and Other Nervous System,deaths,12655
2000,Breast,deaths,42300
2000,Cervix Uteri,deaths,4200
2000,Colon and Rectum,deaths,57434
2000,Corpus Uteri,deaths,3139
2000,Esophagus,deaths,12232
2000,Gallbladder,deaths,1949
2000,Kidney and Renal Pelvis,deaths,11736
2000,Larynx,deaths,3861
2000,Leukemias,deaths,21397
2000,Liver,deaths,10192
2000,Lung and Bronchus,deaths,155426
2000,Melanoma of the Skin,deaths,7420
2000,Myeloma,deaths,10639
2000,Non-Hodgkin Lymphoma,deaths,22729
2000,Oral Cavity and Pharynx,deaths,7492
2000,Ovary,deaths,14060
2000,Pancreas,deaths,29072
2000,Prostate,deaths,31078
2000,Stomach,deaths,12645
2000,Thyroid,deaths,1328
2000,Urinary Bladder,deaths,12002
2000,Brain and Other Nervous System,cases,17979
2000,Breast,cases,189083
2000,Cervix Uteri,cases,13144
2000,Colon and Rectum,cases,145413
2000,Corpus Uteri,cases,32639
2000,Esophagus,cases,13051
2000,Gallbladder,cases,3013
2000,Kidney and Renal Pelvis,cases,33122
2000,Larynx,cases,11668
2000,Leukemias,cases,34754
2000,Liver,cases,11465
2000,Lung and Bronchus,cases,182369
2000,Melanoma of the Skin,cases,42250
2000,Myeloma,cases,14994
2000,Non-Hodgkin Lymphoma,cases,50004
2000,Oral Cavity and Pharynx,cases,28264
2000,Ovary,cases,20532
2000,Pancreas,cases,29331
2000,Prostate,cases,194123
2000,Stomach,cases,19410
2000,Thyroid,cases,19524
2000,Urinary Bladder,cases,57433
2000,Brain and Other Nervous System,mortalityRate,0.7
2000,Breast,mortalityRate,0.22
2000,Cervix Uteri,mortalityRate,0.32
2000,Colon and Rectum,mortalityRate,0.39
2000,Corpus Uteri,mortalityRate,0.096
2000,Esophagus,mortalityRate,0.94
2000,Gallbladder,mortalityRate,0.65
2000,Kidney and Renal Pelvis,mortalityRate,0.35
2000,Larynx,mortalityRate,0.33
2000,Leukemias,mortalityRate,0.62
2000,Liver,mortalityRate,0.89
2000,Lung and Bronchus,mortalityRate,0.85
2000,Melanoma of the Skin,mortalityRate,0.18
2000,Myeloma,mortalityRate,0.71
2000,Non-Hodgkin Lymphoma,mortalityRate,0.45
2000,Oral Cavity and Pharynx,mortalityRate,0.27
2000,Ovary,mortalityRate,0.68
2000,Pancreas,mortalityRate,0.99
2000,Prostate,mortalityRate,0.16
2000,Stomach,mortalityRate,0.65
2000,Thyroid,mortalityRate,0.068
2000,Urinary Bladder,mortalityRate,0.21
2000,Brain and Other Nervous System,deathsPerMillion, 45
2000,Breast,deathsPerMillion,150
2000,Cervix Uteri,deathsPerMillion, 15
2000,Colon and Rectum,deathsPerMillion,204
2000,Corpus Uteri,deathsPerMillion, 11
2000,Esophagus,deathsPerMillion, 43
2000,Gallbladder,deathsPerMillion,6.9
2000,Kidney and Renal Pelvis,deathsPerMillion, 42
2000,Larynx,deathsPerMillion, 14
2000,Leukemias,deathsPerMillion, 76
2000,Liver,deathsPerMillion, 36
2000,Lung and Bronchus,deathsPerMillion,551
2000,Melanoma of the Skin,deathsPerMillion, 26
2000,Myeloma,deathsPerMillion, 38
2000,Non-Hodgkin Lymphoma,deathsPerMillion, 81
2000,Oral Cavity and Pharynx,deathsPerMillion, 27
2000,Ovary,deathsPerMillion, 50
2000,Pancreas,deathsPerMillion,103
2000,Prostate,deathsPerMillion,110
2000,Stomach,deathsPerMillion, 45
2000,Thyroid,deathsPerMillion,4.7
2000,Urinary Bladder,deathsPerMillion, 43
2001,Brain and Other Nervous System,deaths,12609
2001,Breast,deaths,41809
2001,Cervix Uteri,deaths,4092
2001,Colon and Rectum,deaths,56808
2001,Corpus Uteri,deaths,3185
2001,Esophagus,deaths,12529
2001,Gallbladder,deaths,1971
2001,Kidney and Renal Pelvis,deaths,12078
2001,Larynx,deaths,3797
2001,Leukemias,deaths,21532
2001,Liver,deaths,10489
2001,Lung and Bronchus,deaths,155969
2001,Melanoma of the Skin,deaths,7542
2001,Myeloma,deaths,10714
2001,Non-Hodgkin Lymphoma,deaths,22305
2001,Oral Cavity and Pharynx,deaths,7701
2001,Ovary,deaths,14414
2001,Pancreas,deaths,29425
2001,Prostate,deaths,30719
2001,Stomach,deaths,12319
2001,Thyroid,deaths,1354
2001,Urinary Bladder,deaths,12225
2001,Brain and Other Nervous System,cases,17748
2001,Breast,cases,189070
2001,Cervix Uteri,cases,12462
2001,Colon and Rectum,cases,143642
2001,Corpus Uteri,cases,33657
2001,Esophagus,cases,13031
2001,Gallbladder,cases,3130
2001,Kidney and Renal Pelvis,cases,34846
2001,Larynx,cases,11390
2001,Leukemias,cases,35404
2001,Liver,cases,12016
2001,Lung and Bronchus,cases,183491
2001,Melanoma of the Skin,cases,44824
2001,Myeloma,cases,15233
2001,Non-Hodgkin Lymphoma,cases,50806
2001,Oral Cavity and Pharynx,cases,28263
2001,Ovary,cases,20383
2001,Pancreas,cases,29802
2001,Prostate,cases,197674
2001,Stomach,cases,19141
2001,Thyroid,cases,20541
2001,Urinary Bladder,cases,57317
2001,Brain and Other Nervous System,mortalityRate,0.71
2001,Breast,mortalityRate,0.22
2001,Cervix Uteri,mortalityRate,0.33
2001,Colon and Rectum,mortalityRate,0.4
2001,Corpus Uteri,mortalityRate,0.095
2001,Esophagus,mortalityRate,0.96
2001,Gallbladder,mortalityRate,0.63
2001,Kidney and Renal Pelvis,mortalityRate,0.35
2001,Larynx,mortalityRate,0.33
2001,Leukemias,mortalityRate,0.61
2001,Liver,mortalityRate,0.87
2001,Lung and Bronchus,mortalityRate,0.85
2001,Melanoma of the Skin,mortalityRate,0.17
2001,Myeloma,mortalityRate,0.7
2001,Non-Hodgkin Lymphoma,mortalityRate,0.44
2001,Oral Cavity and Pharynx,mortalityRate,0.27
2001,Ovary,mortalityRate,0.71
2001,Pancreas,mortalityRate,0.99
2001,Prostate,mortalityRate,0.16
2001,Stomach,mortalityRate,0.64
2001,Thyroid,mortalityRate,0.066
2001,Urinary Bladder,mortalityRate,0.21
2001,Brain and Other Nervous System,deathsPerMillion, 44
2001,Breast,deathsPerMillion,147
2001,Cervix Uteri,deathsPerMillion, 14
2001,Colon and Rectum,deathsPerMillion,199
2001,Corpus Uteri,deathsPerMillion, 11
2001,Esophagus,deathsPerMillion, 44
2001,Gallbladder,deathsPerMillion,6.9
2001,Kidney and Renal Pelvis,deathsPerMillion, 42
2001,Larynx,deathsPerMillion, 13
2001,Leukemias,deathsPerMillion, 76
2001,Liver,deathsPerMillion, 37
2001,Lung and Bronchus,deathsPerMillion,547
2001,Melanoma of the Skin,deathsPerMillion, 26
2001,Myeloma,deathsPerMillion, 38
2001,Non-Hodgkin Lymphoma,deathsPerMillion, 78
2001,Oral Cavity and Pharynx,deathsPerMillion, 27
2001,Ovary,deathsPerMillion, 51
2001,Pancreas,deathsPerMillion,103
2001,Prostate,deathsPerMillion,108
2001,Stomach,deathsPerMillion, 43
2001,Thyroid,deathsPerMillion,4.8
2001,Urinary Bladder,deathsPerMillion, 43
2002,Brain and Other Nervous System,deaths,12830
2002,Breast,deaths,41883
2002,Cervix Uteri,deaths,3952
2002,Colon and Rectum,deaths,56603
2002,Corpus Uteri,deaths,3187
2002,Esophagus,deaths,12700
2002,Gallbladder,deaths,1907
2002,Kidney and Renal Pelvis,deaths,12165
2002,Larynx,deaths,3722
2002,Leukemias,deaths,21581
2002,Liver,deaths,11048
2002,Lung and Bronchus,deaths,157630
2002,Melanoma of the Skin,deaths,7513
2002,Myeloma,deaths,10913
2002,Non-Hodgkin Lymphoma,deaths,21910
2002,Oral Cavity and Pharynx,deaths,7737
2002,Ovary,deaths,14682
2002,Pancreas,deaths,30126
2002,Prostate,deaths,30446
2002,Stomach,deaths,12198
2002,Thyroid,deaths,1367
2002,Urinary Bladder,deaths,12627
2002,Brain and Other Nervous System,cases,18495
2002,Breast,cases,190310
2002,Cervix Uteri,cases,12199
2002,Colon and Rectum,cases,144312
2002,Corpus Uteri,cases,34300
2002,Esophagus,cases,13260
2002,Gallbladder,cases,3006
2002,Kidney and Renal Pelvis,cases,36943
2002,Larynx,cases,11201
2002,Leukemias,cases,35034
2002,Liver,cases,13096
2002,Lung and Bronchus,cases,187294
2002,Melanoma of the Skin,cases,47251
2002,Myeloma,cases,15742
2002,Non-Hodgkin Lymphoma,cases,52464
2002,Oral Cavity and Pharynx,cases,29226
2002,Ovary,cases,20296
2002,Pancreas,cases,30263
2002,Prostate,cases,203034
2002,Stomach,cases,19623
2002,Thyroid,cases,22819
2002,Urinary Bladder,cases,58890
2002,Brain and Other Nervous System,mortalityRate,0.69
2002,Breast,mortalityRate,0.22
2002,Cervix Uteri,mortalityRate,0.32
2002,Colon and Rectum,mortalityRate,0.39
2002,Corpus Uteri,mortalityRate,0.093
2002,Esophagus,mortalityRate,0.96
2002,Gallbladder,mortalityRate,0.63
2002,Kidney and Renal Pelvis,mortalityRate,0.33
2002,Larynx,mortalityRate,0.33
2002,Leukemias,mortalityRate,0.62
2002,Liver,mortalityRate,0.84
2002,Lung and Bronchus,mortalityRate,0.84
2002,Melanoma of the Skin,mortalityRate,0.16
2002,Myeloma,mortalityRate,0.69
2002,Non-Hodgkin Lymphoma,mortalityRate,0.42
2002,Oral Cavity and Pharynx,mortalityRate,0.26
2002,Ovary,mortalityRate,0.72
2002,Pancreas,mortalityRate,  1
2002,Prostate,mortalityRate,0.15
2002,Stomach,mortalityRate,0.62
2002,Thyroid,mortalityRate,0.06
2002,Urinary Bladder,mortalityRate,0.21
2002,Brain and Other Nervous System,deathsPerMillion, 45
2002,Breast,deathsPerMillion,146
2002,Cervix Uteri,deathsPerMillion, 14
2002,Colon and Rectum,deathsPerMillion,197
2002,Corpus Uteri,deathsPerMillion, 11
2002,Esophagus,deathsPerMillion, 44
2002,Gallbladder,deathsPerMillion,6.6
2002,Kidney and Renal Pelvis,deathsPerMillion, 42
2002,Larynx,deathsPerMillion, 13
2002,Leukemias,deathsPerMillion, 75
2002,Liver,deathsPerMillion, 38
2002,Lung and Bronchus,deathsPerMillion,548
2002,Melanoma of the Skin,deathsPerMillion, 26
2002,Myeloma,deathsPerMillion, 38
2002,Non-Hodgkin Lymphoma,deathsPerMillion, 76
2002,Oral Cavity and Pharynx,deathsPerMillion, 27
2002,Ovary,deathsPerMillion, 51
2002,Pancreas,deathsPerMillion,105
2002,Prostate,deathsPerMillion,106
2002,Stomach,deathsPerMillion, 42
2002,Thyroid,deathsPerMillion,4.8
2002,Urinary Bladder,deathsPerMillion, 44
2003,Brain and Other Nervous System,deaths,12901
2003,Breast,deaths,41998
2003,Cervix Uteri,deaths,3919
2003,Colon and Rectum,deaths,55783
2003,Corpus Uteri,deaths,3261
2003,Esophagus,deaths,12860
2003,Gallbladder,deaths,1915
2003,Kidney and Renal Pelvis,deaths,12286
2003,Larynx,deaths,3791
2003,Leukemias,deaths,21608
2003,Liver,deaths,11423
2003,Lung and Bronchus,deaths,157990
2003,Melanoma of the Skin,deaths,7818
2003,Myeloma,deaths,10809
2003,Non-Hodgkin Lymphoma,deaths,21475
2003,Oral Cavity and Pharynx,deaths,7777
2003,Ovary,deaths,14657
2003,Pancreas,deaths,30777
2003,Prostate,deaths,29554
2003,Stomach,deaths,12110
2003,Thyroid,deaths,1312
2003,Urinary Bladder,deaths,12483
2003,Brain and Other Nervous System,cases,19437
2003,Breast,cases,192597
2003,Cervix Uteri,cases,12420
2003,Colon and Rectum,cases,150600
2003,Corpus Uteri,cases,35162
2003,Esophagus,cases,14419
2003,Gallbladder,cases,3276
2003,Kidney and Renal Pelvis,cases,40878
2003,Larynx,cases,11944
2003,Leukemias,cases,37731
2003,Liver,cases,14489
2003,Lung and Bronchus,cases,200202
2003,Melanoma of the Skin,cases,49369
2003,Myeloma,cases,16837
2003,Non-Hodgkin Lymphoma,cases,56172
2003,Oral Cavity and Pharynx,cases,31364
2003,Ovary,cases,21286
2003,Pancreas,cases,32890
2003,Prostate,cases,199363
2003,Stomach,cases,20799
2003,Thyroid,cases,25182
2003,Urinary Bladder,cases,62442
2003,Brain and Other Nervous System,mortalityRate,0.66
2003,Breast,mortalityRate,0.22
2003,Cervix Uteri,mortalityRate,0.32
2003,Colon and Rectum,mortalityRate,0.37
2003,Corpus Uteri,mortalityRate,0.093
2003,Esophagus,mortalityRate,0.89
2003,Gallbladder,mortalityRate,0.58
2003,Kidney and Renal Pelvis,mortalityRate,0.3
2003,Larynx,mortalityRate,0.32
2003,Leukemias,mortalityRate,0.57
2003,Liver,mortalityRate,0.79
2003,Lung and Bronchus,mortalityRate,0.79
2003,Melanoma of the Skin,mortalityRate,0.16
2003,Myeloma,mortalityRate,0.64
2003,Non-Hodgkin Lymphoma,mortalityRate,0.38
2003,Oral Cavity and Pharynx,mortalityRate,0.25
2003,Ovary,mortalityRate,0.69
2003,Pancreas,mortalityRate,0.94
2003,Prostate,mortalityRate,0.15
2003,Stomach,mortalityRate,0.58
2003,Thyroid,mortalityRate,0.052
2003,Urinary Bladder,mortalityRate,0.2
2003,Brain and Other Nervous System,deathsPerMillion, 44
2003,Breast,deathsPerMillion,145
2003,Cervix Uteri,deathsPerMillion, 14
2003,Colon and Rectum,deathsPerMillion,192
2003,Corpus Uteri,deathsPerMillion, 11
2003,Esophagus,deathsPerMillion, 44
2003,Gallbladder,deathsPerMillion,6.6
2003,Kidney and Renal Pelvis,deathsPerMillion, 42
2003,Larynx,deathsPerMillion, 13
2003,Leukemias,deathsPerMillion, 74
2003,Liver,deathsPerMillion, 39
2003,Lung and Bronchus,deathsPerMillion,545
2003,Melanoma of the Skin,deathsPerMillion, 27
2003,Myeloma,deathsPerMillion, 37
2003,Non-Hodgkin Lymphoma,deathsPerMillion, 74
2003,Oral Cavity and Pharynx,deathsPerMillion, 27
2003,Ovary,deathsPerMillion, 51
2003,Pancreas,deathsPerMillion,106
2003,Prostate,deathsPerMillion,102
2003,Stomach,deathsPerMillion, 42
2003,Thyroid,deathsPerMillion,4.5
2003,Urinary Bladder,deathsPerMillion, 43
2004,Brain and Other Nervous System,deaths,12829
2004,Breast,deaths,41316
2004,Cervix Uteri,deaths,3850
2004,Colon and Rectum,deaths,53580
2004,Corpus Uteri,deaths,3272
2004,Esophagus,deaths,13023
2004,Gallbladder,deaths,1936
2004,Kidney and Renal Pelvis,deaths,12313
2004,Larynx,deaths,3668
2004,Leukemias,deaths,21472
2004,Liver,deaths,11831
2004,Lung and Bronchus,deaths,158006
2004,Melanoma of the Skin,deaths,7952
2004,Myeloma,deaths,10578
2004,Non-Hodgkin Lymphoma,deaths,20938
2004,Oral Cavity and Pharynx,deaths,7826
2004,Ovary,deaths,14716
2004,Pancreas,deaths,31771
2004,Prostate,deaths,29002
2004,Stomach,deaths,11859
2004,Thyroid,deaths,1409
2004,Urinary Bladder,deaths,13030
2004,Brain and Other Nervous System,cases,20427
2004,Breast,cases,197386
2004,Cervix Uteri,cases,12463
2004,Colon and Rectum,cases,151659
2004,Corpus Uteri,cases,37292
2004,Esophagus,cases,15299
2004,Gallbladder,cases,3349
2004,Kidney and Renal Pelvis,cases,43858
2004,Larynx,cases,12562
2004,Leukemias,cases,39075
2004,Liver,cases,15891
2004,Lung and Bronchus,cases,206064
2004,Melanoma of the Skin,cases,53831
2004,Myeloma,cases,17908
2004,Non-Hodgkin Lymphoma,cases,59132
2004,Oral Cavity and Pharynx,cases,32457
2004,Ovary,cases,21320
2004,Pancreas,cases,34367
2004,Prostate,cases,201960
2004,Stomach,cases,21066
2004,Thyroid,cases,28130
2004,Urinary Bladder,cases,65110
2004,Brain and Other Nervous System,mortalityRate,0.63
2004,Breast,mortalityRate,0.21
2004,Cervix Uteri,mortalityRate,0.31
2004,Colon and Rectum,mortalityRate,0.35
2004,Corpus Uteri,mortalityRate,0.088
2004,Esophagus,mortalityRate,0.85
2004,Gallbladder,mortalityRate,0.58
2004,Kidney and Renal Pelvis,mortalityRate,0.28
2004,Larynx,mortalityRate,0.29
2004,Leukemias,mortalityRate,0.55
2004,Liver,mortalityRate,0.74
2004,Lung and Bronchus,mortalityRate,0.77
2004,Melanoma of the Skin,mortalityRate,0.15
2004,Myeloma,mortalityRate,0.59
2004,Non-Hodgkin Lymphoma,mortalityRate,0.35
2004,Oral Cavity and Pharynx,mortalityRate,0.24
2004,Ovary,mortalityRate,0.69
2004,Pancreas,mortalityRate,0.92
2004,Prostate,mortalityRate,0.14
2004,Stomach,mortalityRate,0.56
2004,Thyroid,mortalityRate,0.05
2004,Urinary Bladder,mortalityRate,0.2
2004,Brain and Other Nervous System,deathsPerMillion, 44
2004,Breast,deathsPerMillion,141
2004,Cervix Uteri,deathsPerMillion, 13
2004,Colon and Rectum,deathsPerMillion,183
2004,Corpus Uteri,deathsPerMillion, 11
2004,Esophagus,deathsPerMillion, 44
2004,Gallbladder,deathsPerMillion,6.6
2004,Kidney and Renal Pelvis,deathsPerMillion, 42
2004,Larynx,deathsPerMillion, 13
2004,Leukemias,deathsPerMillion, 73
2004,Liver,deathsPerMillion, 40
2004,Lung and Bronchus,deathsPerMillion,540
2004,Melanoma of the Skin,deathsPerMillion, 27
2004,Myeloma,deathsPerMillion, 36
2004,Non-Hodgkin Lymphoma,deathsPerMillion, 72
2004,Oral Cavity and Pharynx,deathsPerMillion, 27
2004,Ovary,deathsPerMillion, 50
2004,Pancreas,deathsPerMillion,109
2004,Prostate,deathsPerMillion, 99
2004,Stomach,deathsPerMillion, 41
2004,Thyroid,deathsPerMillion,4.8
2004,Urinary Bladder,deathsPerMillion, 45
2005,Brain and Other Nervous System,deaths,13152
2005,Breast,deaths,41491
2005,Cervix Uteri,deaths,3924
2005,Colon and Rectum,deaths,53005
2005,Corpus Uteri,deaths,3259
2005,Esophagus,deaths,13499
2005,Gallbladder,deaths,1989
2005,Kidney and Renal Pelvis,deaths,12517
2005,Larynx,deaths,3796
2005,Leukemias,deaths,21716
2005,Liver,deaths,12544
2005,Lung and Bronchus,deaths,159217
2005,Melanoma of the Skin,deaths,8345
2005,Myeloma,deaths,10758
2005,Non-Hodgkin Lymphoma,deaths,20873
2005,Oral Cavity and Pharynx,deaths,7773
2005,Ovary,deaths,14787
2005,Pancreas,deaths,32759
2005,Prostate,deaths,28905
2005,Stomach,deaths,11514
2005,Thyroid,deaths,1462
2005,Urinary Bladder,deaths,13253
2005,Brain and Other Nervous System,cases,20473
2005,Breast,cases,200197
2005,Cervix Uteri,cases,12755
2005,Colon and Rectum,cases,150306
2005,Corpus Uteri,cases,38419
2005,Esophagus,cases,15228
2005,Gallbladder,cases,3441
2005,Kidney and Renal Pelvis,cases,46126
2005,Larynx,cases,12488
2005,Leukemias,cases,39091
2005,Liver,cases,16881
2005,Lung and Bronchus,cases,210338
2005,Melanoma of the Skin,cases,58279
2005,Myeloma,cases,18132
2005,Non-Hodgkin Lymphoma,cases,59846
2005,Oral Cavity and Pharynx,cases,32962
2005,Ovary,cases,21560
2005,Pancreas,cases,35572
2005,Prostate,cases,203481
2005,Stomach,cases,20831
2005,Thyroid,cases,30938
2005,Urinary Bladder,cases,66137
2005,Brain and Other Nervous System,mortalityRate,0.64
2005,Breast,mortalityRate,0.21
2005,Cervix Uteri,mortalityRate,0.31
2005,Colon and Rectum,mortalityRate,0.35
2005,Corpus Uteri,mortalityRate,0.085
2005,Esophagus,mortalityRate,0.89
2005,Gallbladder,mortalityRate,0.58
2005,Kidney and Renal Pelvis,mortalityRate,0.27
2005,Larynx,mortalityRate,0.3
2005,Leukemias,mortalityRate,0.56
2005,Liver,mortalityRate,0.74
2005,Lung and Bronchus,mortalityRate,0.76
2005,Melanoma of the Skin,mortalityRate,0.14
2005,Myeloma,mortalityRate,0.59
2005,Non-Hodgkin Lymphoma,mortalityRate,0.35
2005,Oral Cavity and Pharynx,mortalityRate,0.24
2005,Ovary,mortalityRate,0.69
2005,Pancreas,mortalityRate,0.92
2005,Prostate,mortalityRate,0.14
2005,Stomach,mortalityRate,0.55
2005,Thyroid,mortalityRate,0.047
2005,Urinary Bladder,mortalityRate,0.2
2005,Brain and Other Nervous System,deathsPerMillion, 45
2005,Breast,deathsPerMillion,140
2005,Cervix Uteri,deathsPerMillion, 13
2005,Colon and Rectum,deathsPerMillion,179
2005,Corpus Uteri,deathsPerMillion, 11
2005,Esophagus,deathsPerMillion, 46
2005,Gallbladder,deathsPerMillion,6.7
2005,Kidney and Renal Pelvis,deathsPerMillion, 42
2005,Larynx,deathsPerMillion, 13
2005,Leukemias,deathsPerMillion, 73
2005,Liver,deathsPerMillion, 42
2005,Lung and Bronchus,deathsPerMillion,539
2005,Melanoma of the Skin,deathsPerMillion, 28
2005,Myeloma,deathsPerMillion, 36
2005,Non-Hodgkin Lymphoma,deathsPerMillion, 71
2005,Oral Cavity and Pharynx,deathsPerMillion, 26
2005,Ovary,deathsPerMillion, 50
2005,Pancreas,deathsPerMillion,111
2005,Prostate,deathsPerMillion, 98
2005,Stomach,deathsPerMillion, 39
2005,Thyroid,deathsPerMillion,4.9
2005,Urinary Bladder,deathsPerMillion, 45
2006,Brain and Other Nervous System,deaths,12886
2006,Breast,deaths,41209
2006,Cervix Uteri,deaths,3976
2006,Colon and Rectum,deaths,53196
2006,Corpus Uteri,deaths,3449
2006,Esophagus,deaths,13685
2006,Gallbladder,deaths,2000
2006,Kidney and Renal Pelvis,deaths,12379
2006,Larynx,deaths,3821
2006,Leukemias,deaths,22016
2006,Liver,deaths,12832
2006,Lung and Bronchus,deaths,158599
2006,Melanoma of the Skin,deaths,8441
2006,Myeloma,deaths,10712
2006,Non-Hodgkin Lymphoma,deaths,20593
2006,Oral Cavity and Pharynx,deaths,7720
2006,Ovary,deaths,14857
2006,Pancreas,deaths,33454
2006,Prostate,deaths,28372
2006,Stomach,deaths,11345
2006,Thyroid,deaths,1518
2006,Urinary Bladder,deaths,13474
2006,Brain and Other Nervous System,cases,20701
2006,Breast,cases,204729
2006,Cervix Uteri,cases,12666
2006,Colon and Rectum,cases,148376
2006,Corpus Uteri,cases,39517
2006,Esophagus,cases,15664
2006,Gallbladder,cases,3497
2006,Kidney and Renal Pelvis,cases,48549
2006,Larynx,cases,12525
2006,Leukemias,cases,40062
2006,Liver,cases,17991
2006,Lung and Bronchus,cases,211212
2006,Melanoma of the Skin,cases,58515
2006,Myeloma,cases,18300
2006,Non-Hodgkin Lymphoma,cases,60134
2006,Oral Cavity and Pharynx,cases,33993
2006,Ovary,cases,21678
2006,Pancreas,cases,36858
2006,Prostate,cases,222418
2006,Stomach,cases,20918
2006,Thyroid,cases,33303
2006,Urinary Bladder,cases,65193
2006,Brain and Other Nervous System,mortalityRate,0.62
2006,Breast,mortalityRate,0.2
2006,Cervix Uteri,mortalityRate,0.31
2006,Colon and Rectum,mortalityRate,0.36
2006,Corpus Uteri,mortalityRate,0.087
2006,Esophagus,mortalityRate,0.87
2006,Gallbladder,mortalityRate,0.57
2006,Kidney and Renal Pelvis,mortalityRate,0.25
2006,Larynx,mortalityRate,0.31
2006,Leukemias,mortalityRate,0.55
2006,Liver,mortalityRate,0.71
2006,Lung and Bronchus,mortalityRate,0.75
2006,Melanoma of the Skin,mortalityRate,0.14
2006,Myeloma,mortalityRate,0.59
2006,Non-Hodgkin Lymphoma,mortalityRate,0.34
2006,Oral Cavity and Pharynx,mortalityRate,0.23
2006,Ovary,mortalityRate,0.69
2006,Pancreas,mortalityRate,0.91
2006,Prostate,mortalityRate,0.13
2006,Stomach,mortalityRate,0.54
2006,Thyroid,mortalityRate,0.046
2006,Urinary Bladder,mortalityRate,0.21
2006,Brain and Other Nervous System,deathsPerMillion, 43
2006,Breast,deathsPerMillion,138
2006,Cervix Uteri,deathsPerMillion, 13
2006,Colon and Rectum,deathsPerMillion,178
2006,Corpus Uteri,deathsPerMillion, 12
2006,Esophagus,deathsPerMillion, 46
2006,Gallbladder,deathsPerMillion,6.7
2006,Kidney and Renal Pelvis,deathsPerMillion, 41
2006,Larynx,deathsPerMillion, 13
2006,Leukemias,deathsPerMillion, 74
2006,Liver,deathsPerMillion, 43
2006,Lung and Bronchus,deathsPerMillion,532
2006,Melanoma of the Skin,deathsPerMillion, 28
2006,Myeloma,deathsPerMillion, 36
2006,Non-Hodgkin Lymphoma,deathsPerMillion, 69
2006,Oral Cavity and Pharynx,deathsPerMillion, 26
2006,Ovary,deathsPerMillion, 50
2006,Pancreas,deathsPerMillion,112
2006,Prostate,deathsPerMillion, 95
2006,Stomach,deathsPerMillion, 38
2006,Thyroid,deathsPerMillion,5.1
2006,Urinary Bladder,deathsPerMillion, 45
2007,Brain and Other Nervous System,deaths,13234
2007,Breast,deaths,40969
2007,Cervix Uteri,deaths,4021
2007,Colon and Rectum,deaths,53219
2007,Corpus Uteri,deaths,3377
2007,Esophagus,deaths,13592
2007,Gallbladder,deaths,1914
2007,Kidney and Renal Pelvis,deaths,12703
2007,Larynx,deaths,3634
2007,Leukemias,deaths,21928
2007,Liver,deaths,13291
2007,Lung and Bronchus,deaths,158683
2007,Melanoma of the Skin,deaths,8461
2007,Myeloma,deaths,10872
2007,Non-Hodgkin Lymphoma,deaths,20528
2007,Oral Cavity and Pharynx,deaths,8067
2007,Ovary,deaths,14621
2007,Pancreas,deaths,34117
2007,Prostate,deaths,29093
2007,Stomach,deaths,11388
2007,Thyroid,deaths,1562
2007,Urinary Bladder,deaths,13843
2007,Brain and Other Nervous System,cases,21110
2007,Breast,cases,210993
2007,Cervix Uteri,cases,12652
2007,Colon and Rectum,cases,147689
2007,Corpus Uteri,cases,40938
2007,Esophagus,cases,15706
2007,Gallbladder,cases,3541
2007,Kidney and Renal Pelvis,cases,50461
2007,Larynx,cases,12583
2007,Leukemias,cases,40200
2007,Liver,cases,19541
2007,Lung and Bronchus,cases,212618
2007,Melanoma of the Skin,cases,60841
2007,Myeloma,cases,18491
2007,Non-Hodgkin Lymphoma,cases,61434
2007,Oral Cavity and Pharynx,cases,35617
2007,Ovary,cases,21645
2007,Pancreas,cases,37761
2007,Prostate,cases,235946
2007,Stomach,cases,21326
2007,Thyroid,cases,36284
2007,Urinary Bladder,cases,67040
2007,Brain and Other Nervous System,mortalityRate,0.63
2007,Breast,mortalityRate,0.19
2007,Cervix Uteri,mortalityRate,0.32
2007,Colon and Rectum,mortalityRate,0.36
2007,Corpus Uteri,mortalityRate,0.082
2007,Esophagus,mortalityRate,0.87
2007,Gallbladder,mortalityRate,0.54
2007,Kidney and Renal Pelvis,mortalityRate,0.25
2007,Larynx,mortalityRate,0.29
2007,Leukemias,mortalityRate,0.55
2007,Liver,mortalityRate,0.68
2007,Lung and Bronchus,mortalityRate,0.75
2007,Melanoma of the Skin,mortalityRate,0.14
2007,Myeloma,mortalityRate,0.59
2007,Non-Hodgkin Lymphoma,mortalityRate,0.33
2007,Oral Cavity and Pharynx,mortalityRate,0.23
2007,Ovary,mortalityRate,0.68
2007,Pancreas,mortalityRate,0.9
2007,Prostate,mortalityRate,0.12
2007,Stomach,mortalityRate,0.53
2007,Thyroid,mortalityRate,0.043
2007,Urinary Bladder,mortalityRate,0.21
2007,Brain and Other Nervous System,deathsPerMillion, 44
2007,Breast,deathsPerMillion,136
2007,Cervix Uteri,deathsPerMillion, 13
2007,Colon and Rectum,deathsPerMillion,177
2007,Corpus Uteri,deathsPerMillion, 11
2007,Esophagus,deathsPerMillion, 45
2007,Gallbladder,deathsPerMillion,6.4
2007,Kidney and Renal Pelvis,deathsPerMillion, 42
2007,Larynx,deathsPerMillion, 12
2007,Leukemias,deathsPerMillion, 73
2007,Liver,deathsPerMillion, 44
2007,Lung and Bronchus,deathsPerMillion,527
2007,Melanoma of the Skin,deathsPerMillion, 28
2007,Myeloma,deathsPerMillion, 36
2007,Non-Hodgkin Lymphoma,deathsPerMillion, 68
2007,Oral Cavity and Pharynx,deathsPerMillion, 27
2007,Ovary,deathsPerMillion, 49
2007,Pancreas,deathsPerMillion,113
2007,Prostate,deathsPerMillion, 97
2007,Stomach,deathsPerMillion, 38
2007,Thyroid,deathsPerMillion,5.2
2007,Urinary Bladder,deathsPerMillion, 46
2008,Brain and Other Nervous System,deaths,13724
2008,Breast,deaths,41026
2008,Cervix Uteri,deaths,4008
2008,Colon and Rectum,deaths,52857
2008,Corpus Uteri,deaths,3436
2008,Esophagus,deaths,13714
2008,Gallbladder,deaths,1971
2008,Kidney and Renal Pelvis,deaths,12895
2008,Larynx,deaths,3760
2008,Leukemias,deaths,22431
2008,Liver,deaths,14176
2008,Lung and Bronchus,deaths,158592
2008,Melanoma of the Skin,deaths,8623
2008,Myeloma,deaths,10606
2008,Non-Hodgkin Lymphoma,deaths,20368
2008,Oral Cavity and Pharynx,deaths,8019
2008,Ovary,deaths,14362
2008,Pancreas,deaths,35234
2008,Prostate,deaths,28471
2008,Stomach,deaths,11352
2008,Thyroid,deaths,1649
2008,Urinary Bladder,deaths,14036
2008,Brain and Other Nervous System,cases,21456
2008,Breast,cases,216427
2008,Cervix Uteri,cases,12651
2008,Colon and Rectum,cases,146607
2008,Corpus Uteri,cases,42454
2008,Esophagus,cases,16299
2008,Gallbladder,cases,3559
2008,Kidney and Renal Pelvis,cases,52345
2008,Larynx,cases,12536
2008,Leukemias,cases,40843
2008,Liver,cases,20639
2008,Lung and Bronchus,cases,215325
2008,Melanoma of the Skin,cases,62770
2008,Myeloma,cases,19423
2008,Non-Hodgkin Lymphoma,cases,62391
2008,Oral Cavity and Pharynx,cases,37072
2008,Ovary,cases,21898
2008,Pancreas,cases,39472
2008,Prostate,cases,224478
2008,Stomach,cases,21184
2008,Thyroid,cases,39767
2008,Urinary Bladder,cases,67999
2008,Brain and Other Nervous System,mortalityRate,0.64
2008,Breast,mortalityRate,0.19
2008,Cervix Uteri,mortalityRate,0.32
2008,Colon and Rectum,mortalityRate,0.36
2008,Corpus Uteri,mortalityRate,0.081
2008,Esophagus,mortalityRate,0.84
2008,Gallbladder,mortalityRate,0.55
2008,Kidney and Renal Pelvis,mortalityRate,0.25
2008,Larynx,mortalityRate,0.3
2008,Leukemias,mortalityRate,0.55
2008,Liver,mortalityRate,0.69
2008,Lung and Bronchus,mortalityRate,0.74
2008,Melanoma of the Skin,mortalityRate,0.14
2008,Myeloma,mortalityRate,0.55
2008,Non-Hodgkin Lymphoma,mortalityRate,0.33
2008,Oral Cavity and Pharynx,mortalityRate,0.22
2008,Ovary,mortalityRate,0.66
2008,Pancreas,mortalityRate,0.89
2008,Prostate,mortalityRate,0.13
2008,Stomach,mortalityRate,0.54
2008,Thyroid,mortalityRate,0.041
2008,Urinary Bladder,mortalityRate,0.21
2008,Brain and Other Nervous System,deathsPerMillion, 45
2008,Breast,deathsPerMillion,135
2008,Cervix Uteri,deathsPerMillion, 13
2008,Colon and Rectum,deathsPerMillion,174
2008,Corpus Uteri,deathsPerMillion, 11
2008,Esophagus,deathsPerMillion, 45
2008,Gallbladder,deathsPerMillion,6.5
2008,Kidney and Renal Pelvis,deathsPerMillion, 42
2008,Larynx,deathsPerMillion, 12
2008,Leukemias,deathsPerMillion, 74
2008,Liver,deathsPerMillion, 47
2008,Lung and Bronchus,deathsPerMillion,522
2008,Melanoma of the Skin,deathsPerMillion, 28
2008,Myeloma,deathsPerMillion, 35
2008,Non-Hodgkin Lymphoma,deathsPerMillion, 67
2008,Oral Cavity and Pharynx,deathsPerMillion, 26
2008,Ovary,deathsPerMillion, 47
2008,Pancreas,deathsPerMillion,116
2008,Prostate,deathsPerMillion, 94
2008,Stomach,deathsPerMillion, 37
2008,Thyroid,deathsPerMillion,5.4
2008,Urinary Bladder,deathsPerMillion, 46
2009,Brain and Other Nervous System,deaths,14176
2009,Breast,deaths,41076
2009,Cervix Uteri,deaths,3909
2009,Colon and Rectum,deaths,51848
2009,Corpus Uteri,deaths,3333
2009,Esophagus,deaths,13908
2009,Gallbladder,deaths,2048
2009,Kidney and Renal Pelvis,deaths,12995
2009,Larynx,deaths,3630
2009,Leukemias,deaths,22688
2009,Liver,deaths,14963
2009,Lung and Bronchus,deaths,158081
2009,Melanoma of the Skin,deaths,9199
2009,Myeloma,deaths,10690
2009,Non-Hodgkin Lymphoma,deaths,20389
2009,Oral Cavity and Pharynx,deaths,7922
2009,Ovary,deaths,14436
2009,Pancreas,deaths,35628
2009,Prostate,deaths,28088
2009,Stomach,deaths,11184
2009,Thyroid,deaths,1707
2009,Urinary Bladder,deaths,14201
2009,Brain and Other Nervous System,cases,21577
2009,Breast,cases,221612
2009,Cervix Uteri,cases,12803
2009,Colon and Rectum,cases,142349
2009,Corpus Uteri,cases,44246
2009,Esophagus,cases,16487
2009,Gallbladder,cases,3778
2009,Kidney and Renal Pelvis,cases,53210
2009,Larynx,cases,12604
2009,Leukemias,cases,41542
2009,Liver,cases,22433
2009,Lung and Bronchus,cases,215453
2009,Melanoma of the Skin,cases,64880
2009,Myeloma,cases,20171
2009,Non-Hodgkin Lymphoma,cases,63610
2009,Oral Cavity and Pharynx,cases,37592
2009,Ovary,cases,21476
2009,Pancreas,cases,39883
2009,Prostate,cases,219299
2009,Stomach,cases,21600
2009,Thyroid,cases,42404
2009,Urinary Bladder,cases,68862
2009,Brain and Other Nervous System,mortalityRate,0.66
2009,Breast,mortalityRate,0.19
2009,Cervix Uteri,mortalityRate,0.31
2009,Colon and Rectum,mortalityRate,0.36
2009,Corpus Uteri,mortalityRate,0.075
2009,Esophagus,mortalityRate,0.84
2009,Gallbladder,mortalityRate,0.54
2009,Kidney and Renal Pelvis,mortalityRate,0.24
2009,Larynx,mortalityRate,0.29
2009,Leukemias,mortalityRate,0.55
2009,Liver,mortalityRate,0.67
2009,Lung and Bronchus,mortalityRate,0.73
2009,Melanoma of the Skin,mortalityRate,0.14
2009,Myeloma,mortalityRate,0.53
2009,Non-Hodgkin Lymphoma,mortalityRate,0.32
2009,Oral Cavity and Pharynx,mortalityRate,0.21
2009,Ovary,mortalityRate,0.67
2009,Pancreas,mortalityRate,0.89
2009,Prostate,mortalityRate,0.13
2009,Stomach,mortalityRate,0.52
2009,Thyroid,mortalityRate,0.04
2009,Urinary Bladder,mortalityRate,0.21
2009,Brain and Other Nervous System,deathsPerMillion, 46
2009,Breast,deathsPerMillion,134
2009,Cervix Uteri,deathsPerMillion, 13
2009,Colon and Rectum,deathsPerMillion,169
2009,Corpus Uteri,deathsPerMillion, 11
2009,Esophagus,deathsPerMillion, 45
2009,Gallbladder,deathsPerMillion,6.7
2009,Kidney and Renal Pelvis,deathsPerMillion, 42
2009,Larynx,deathsPerMillion, 12
2009,Leukemias,deathsPerMillion, 74
2009,Liver,deathsPerMillion, 49
2009,Lung and Bronchus,deathsPerMillion,515
2009,Melanoma of the Skin,deathsPerMillion, 30
2009,Myeloma,deathsPerMillion, 35
2009,Non-Hodgkin Lymphoma,deathsPerMillion, 66
2009,Oral Cavity and Pharynx,deathsPerMillion, 26
2009,Ovary,deathsPerMillion, 47
2009,Pancreas,deathsPerMillion,116
2009,Prostate,deathsPerMillion, 92
2009,Stomach,deathsPerMillion, 36
2009,Thyroid,deathsPerMillion,5.6
2009,Urinary Bladder,deathsPerMillion, 46
2010,Brain and Other Nervous System,deaths,14164
2010,Breast,deaths,41435
2010,Cervix Uteri,deaths,3939
2010,Colon and Rectum,deaths,52045
2010,Corpus Uteri,deaths,3644
2010,Esophagus,deaths,14490
2010,Gallbladder,deaths,2105
2010,Kidney and Renal Pelvis,deaths,13219
2010,Larynx,deaths,3691
2010,Leukemias,deaths,22673
2010,Liver,deaths,15537
2010,Lung and Bronchus,deaths,158248
2010,Melanoma of the Skin,deaths,9154
2010,Myeloma,deaths,11022
2010,Non-Hodgkin Lymphoma,deaths,20294
2010,Oral Cavity and Pharynx,deaths,8474
2010,Ovary,deaths,14572
2010,Pancreas,deaths,36888
2010,Prostate,deaths,28560
2010,Stomach,deaths,11390
2010,Thyroid,deaths,1686
2010,Urinary Bladder,deaths,14730
2010,Brain and Other Nervous System,cases,21341
2010,Breast,cases,217652
2010,Cervix Uteri,cases,12357
2010,Colon and Rectum,cases,137834
2010,Corpus Uteri,cases,45116
2010,Esophagus,cases,15813
2010,Gallbladder,cases,3770
2010,Kidney and Renal Pelvis,cases,52712
2010,Larynx,cases,12688
2010,Leukemias,cases,43252
2010,Liver,cases,22499
2010,Lung and Bronchus,cases,211470
2010,Melanoma of the Skin,cases,64557
2010,Myeloma,cases,20527
2010,Non-Hodgkin Lymphoma,cases,63717
2010,Oral Cavity and Pharynx,cases,38236
2010,Ovary,cases,20929
2010,Pancreas,cases,40961
2010,Prostate,cases,209325
2010,Stomach,cases,22493
2010,Thyroid,cases,43292
2010,Urinary Bladder,cases,68530
2010,Brain and Other Nervous System,mortalityRate,0.66
2010,Breast,mortalityRate,0.19
2010,Cervix Uteri,mortalityRate,0.32
2010,Colon and Rectum,mortalityRate,0.38
2010,Corpus Uteri,mortalityRate,0.081
2010,Esophagus,mortalityRate,0.92
2010,Gallbladder,mortalityRate,0.56
2010,Kidney and Renal Pelvis,mortalityRate,0.25
2010,Larynx,mortalityRate,0.29
2010,Leukemias,mortalityRate,0.52
2010,Liver,mortalityRate,0.69
2010,Lung and Bronchus,mortalityRate,0.75
2010,Melanoma of the Skin,mortalityRate,0.14
2010,Myeloma,mortalityRate,0.54
2010,Non-Hodgkin Lymphoma,mortalityRate,0.32
2010,Oral Cavity and Pharynx,mortalityRate,0.22
2010,Ovary,mortalityRate,0.7
2010,Pancreas,mortalityRate,0.9
2010,Prostate,mortalityRate,0.14
2010,Stomach,mortalityRate,0.51
2010,Thyroid,mortalityRate,0.039
2010,Urinary Bladder,mortalityRate,0.21
2010,Brain and Other Nervous System,deathsPerMillion, 46
2010,Breast,deathsPerMillion,134
2010,Cervix Uteri,deathsPerMillion, 13
2010,Colon and Rectum,deathsPerMillion,168
2010,Corpus Uteri,deathsPerMillion, 12
2010,Esophagus,deathsPerMillion, 47
2010,Gallbladder,deathsPerMillion,6.8
2010,Kidney and Renal Pelvis,deathsPerMillion, 43
2010,Larynx,deathsPerMillion, 12
2010,Leukemias,deathsPerMillion, 73
2010,Liver,deathsPerMillion, 50
2010,Lung and Bronchus,deathsPerMillion,512
2010,Melanoma of the Skin,deathsPerMillion, 30
2010,Myeloma,deathsPerMillion, 36
2010,Non-Hodgkin Lymphoma,deathsPerMillion, 66
2010,Oral Cavity and Pharynx,deathsPerMillion, 27
2010,Ovary,deathsPerMillion, 47
2010,Pancreas,deathsPerMillion,119
2010,Prostate,deathsPerMillion, 92
2010,Stomach,deathsPerMillion, 37
2010,Thyroid,deathsPerMillion,5.5
2010,Urinary Bladder,deathsPerMillion, 48
2011,Brain and Other Nervous System,deaths,14491
2011,Breast,deaths,41374
2011,Cervix Uteri,deaths,4092
2011,Colon and Rectum,deaths,51783
2011,Corpus Uteri,deaths,3714
2011,Esophagus,deaths,14446
2011,Gallbladder,deaths,2101
2011,Kidney and Renal Pelvis,deaths,13559
2011,Larynx,deaths,3732
2011,Leukemias,deaths,23194
2011,Liver,deaths,16631
2011,Lung and Bronchus,deaths,156953
2011,Melanoma of the Skin,deaths,9128
2011,Myeloma,deaths,11411
2011,Non-Hodgkin Lymphoma,deaths,20317
2011,Oral Cavity and Pharynx,deaths,8657
2011,Ovary,deaths,14346
2011,Pancreas,deaths,37344
2011,Prostate,deaths,27970
2011,Stomach,deaths,11035
2011,Thyroid,deaths,1747
2011,Urinary Bladder,deaths,15014
2011,Brain and Other Nervous System,cases,21084
2011,Breast,cases,222175
2011,Cervix Uteri,cases,12109
2011,Colon and Rectum,cases,135260
2011,Corpus Uteri,cases,45994
2011,Esophagus,cases,15914
2011,Gallbladder,cases,3778
2011,Kidney and Renal Pelvis,cases,53185
2011,Larynx,cases,12253
2011,Leukemias,cases,42836
2011,Liver,cases,23092
2011,Lung and Bronchus,cases,207339
2011,Melanoma of the Skin,cases,65647
2011,Myeloma,cases,20696
2011,Non-Hodgkin Lymphoma,cases,62445
2011,Oral Cavity and Pharynx,cases,39152
2011,Ovary,cases,20593
2011,Pancreas,cases,41473
2011,Prostate,cases,209292
2011,Stomach,cases,22424
2011,Thyroid,cases,44332
2011,Urinary Bladder,cases,68070
2011,Brain and Other Nervous System,mortalityRate,0.69
2011,Breast,mortalityRate,0.19
2011,Cervix Uteri,mortalityRate,0.34
2011,Colon and Rectum,mortalityRate,0.38
2011,Corpus Uteri,mortalityRate,0.081
2011,Esophagus,mortalityRate,0.91
2011,Gallbladder,mortalityRate,0.56
2011,Kidney and Renal Pelvis,mortalityRate,0.25
2011,Larynx,mortalityRate,0.3
2011,Leukemias,mortalityRate,0.54
2011,Liver,mortalityRate,0.72
2011,Lung and Bronchus,mortalityRate,0.76
2011,Melanoma of the Skin,mortalityRate,0.14
2011,Myeloma,mortalityRate,0.55
2011,Non-Hodgkin Lymphoma,mortalityRate,0.33
2011,Oral Cavity and Pharynx,mortalityRate,0.22
2011,Ovary,mortalityRate,0.7
2011,Pancreas,mortalityRate,0.9
2011,Prostate,mortalityRate,0.13
2011,Stomach,mortalityRate,0.49
2011,Thyroid,mortalityRate,0.039
2011,Urinary Bladder,mortalityRate,0.22
2011,Brain and Other Nervous System,deathsPerMillion, 47
2011,Breast,deathsPerMillion,133
2011,Cervix Uteri,deathsPerMillion, 13
2011,Colon and Rectum,deathsPerMillion,166
2011,Corpus Uteri,deathsPerMillion, 12
2011,Esophagus,deathsPerMillion, 46
2011,Gallbladder,deathsPerMillion,6.7
2011,Kidney and Renal Pelvis,deathsPerMillion, 44
2011,Larynx,deathsPerMillion, 12
2011,Leukemias,deathsPerMillion, 74
2011,Liver,deathsPerMillion, 53
2011,Lung and Bronchus,deathsPerMillion,504
2011,Melanoma of the Skin,deathsPerMillion, 29
2011,Myeloma,deathsPerMillion, 37
2011,Non-Hodgkin Lymphoma,deathsPerMillion, 65
2011,Oral Cavity and Pharynx,deathsPerMillion, 28
2011,Ovary,deathsPerMillion, 46
2011,Pancreas,deathsPerMillion,120
2011,Prostate,deathsPerMillion, 90
2011,Stomach,deathsPerMillion, 35
2011,Thyroid,deathsPerMillion,5.6
2011,Urinary Bladder,deathsPerMillion, 48
